{
  "generator-jhipster": {
    "applicationType": "monolith",
    "gitCompany": "",
    "baseName": "OcPizzaApp",
    "packageName": "com.oo_development.oc_pizza_app",
    "packageFolder": "com/oo_development/oc_pizza_app",
    "serverPort": 8080,
    "serviceDiscoveryType": false,
    "authenticationType": "jwt",
    "uaaBaseName": "../uaa",
    "cacheProvider": "ehcache",
    "enableHibernateCache": true,
    "websocket": false,
    "databaseType": "sql",
    "devDatabaseType": "h2Disk",
    "prodDatabaseType": "mysql",
    "searchEngine": false,
    "enableSwaggerCodegen": "true",
    "messageBroker": false,
    "buildTool": "maven",
    "useSass": true,
    "clientPackageManager": "npm",
    "testFrameworks": [],
    "enableTranslation": true,
    "nativeLanguage": "en",
    "languages": [
      "fr",
      "en"
    ],
    "clientFramework": "angularX",
    "jhiPrefix": "jhi",
    "jhipsterVersion": "6.5.1",
    "jwtSecretKey": "Y2U3N2Y5YWI1OTFlZjJiMDA4NzdiMWEyYTI3MmNmNGY0YWM2YjViOTY3ZWViYmEwMjUyNWJhYzM5NjNmYmMxOGE4MjFkY2Q5NjA0YmU4NDlhNWVmNTVhOThiNTgxYTFiMTMzY2E5NjZlMjE1MTk2MzU5NGI5MzE1ZThmYjU4ZTE=",
    "embeddableLaunchScript": false,
    "clientTheme": "none",
    "entitySuffix": "",
    "dtoSuffix": "DTO",
    "otherModules": [],
    "blueprints": []
  }
}